English source,Translation,Layer,Identifier,Limits,State,Reviewer notes
,,In-app,,,source,
%1$@%2$@,%1$@%2$@,In-app,%@%@,,new,
%1$@%2$@%3$@,%1$@%2$@%3$@,In-app,%@%@%@,,new,
%lld,%lld,In-app,%lld,,source,
%lld life remaining,%lld life remaining,In-app,%lld life remaining,,translated,
%lld lives remaining,%lld lives remaining,In-app,%lld lives remaining,,translated,
0%,0%,In-app,0%,,translated,
100%,100%,In-app,100%,,translated,
Close,Close,In-app,Close,,translated,
Game Center is unavailable for this account.,Game Center is unavailable for this account.,In-app,Game Center is unavailable for this account.,,translated,
Game Center leaderboard is available on iOS and tvOS.,Game Center leaderboard is available on iOS and tvOS.,In-app,Game Center leaderboard is available on iOS and tvOS.,,translated,
Game Center leaderboard is not available on this device.,Game Center leaderboard is not available on this device.,In-app,Game Center leaderboard is not available on this device.,,translated,
Opens app rating prompt,Opens app rating prompt,In-app,Opens app rating prompt,,translated,
Screenshot capture ready,Screenshot capture ready,In-app,Screenshot capture ready,,translated,
Shows Game Center leaderboard,Shows Game Center leaderboard,In-app,Shows Game Center leaderboard,,translated,
Sign in to Game Center to view the leaderboard.,Sign in to Game Center to view the leaderboard.,In-app,Sign in to Game Center to view the leaderboard.,,translated,
Starts the game,Starts the game,In-app,Starts the game,,translated,
Also Supporting,Also Supporting,In-app,about_also_supporting_header,,translated,
"10% of proceeds go to AMMEC, an association that promotes autonomy and social integration for people with physical disabilities, supporting families and fostering community.","10% of proceeds go to AMMEC, an association that promotes autonomy and social integration for people with physical disabilities, supporting families and fostering community.",In-app,about_ammec_footer,,translated,
AMMEC,AMMEC,In-app,about_ammec_title,,translated,
"App information, tips, and help","App information, tips, and help",In-app,about_app_subtitle,,translated,
RetroRapid!,RetroRapid!,In-app,about_app_title,,translated,
For being the coolest conference,For being the coolest conference,In-app,about_arcticonference_subtitle,,translated,
ARCtic Conference,ARCtic Conference,In-app,about_arcticonference_title,,translated,
Let's connect!,Let's connect!,In-app,about_connect_header,,translated,
Credits,Credits,In-app,about_credits_header,,translated,
Licensed under the SIL Open Font License 1.1,Licensed under the SIL Open Font License 1.1,In-app,about_font_license,,translated,
Press Start 2P,Press Start 2P,In-app,about_font_press_start,,translated,
"Oulu, Finland","Oulu, Finland",In-app,about_footer_location,,translated,
Released with love ❤️ from ARCtic,Released with love ❤️ from ARCtic,In-app,about_footer_love,,translated,
Thanks to everyone that played the game and encouraged me to push the button.,Thanks to everyone that played the game and encouraged me to push the button.,In-app,about_footer_thanks,,translated,
Giving Back,Giving Back,In-app,about_giving_back_header,,translated,
A native app for managing App Store Connect,A native app for managing App Store Connect,In-app,about_helm_subtitle,,translated,
Shipped with Helm!,Shipped with Helm!,In-app,about_helm_title,,translated,
Accessibility up to 11!,Accessibility up to 11!,In-app,about_link_blog,,translated,
BlueSky,BlueSky,In-app,about_link_bluesky,,translated,
LinkedIn,LinkedIn,In-app,about_link_linkedin,,translated,
Mastodon,Mastodon,In-app,about_link_mastodon,,translated,
X (Twitter),X (Twitter),In-app,about_link_twitter,,translated,
Opens the App Store review page,Opens the App Store review page,In-app,about_rate_hint,,translated,
Rate RetroRapid!,Rate RetroRapid!,In-app,about_rate_title,,translated,
Swift for Swifts,Swift for Swifts,In-app,about_swift_for_swifts_title,,translated,
About,About,In-app,about_title,,translated,
You completed a run using Digital Crown controls.,You completed a run using Digital Crown controls.,In-app,achievement_achieved_control_crown,,translated,
You completed a run using Game Controller controls.,You completed a run using Game Controller controls.,In-app,achievement_achieved_control_gamecontroller,,translated,
You completed a run using Keyboard controls.,You completed a run using Keyboard controls.,In-app,achievement_achieved_control_keyboard,,translated,
You completed a run using Swipe controls.,You completed a run using Swipe controls.,In-app,achievement_achieved_control_swipe,,translated,
You completed a run using Tap controls.,You completed a run using Tap controls.,In-app,achievement_achieved_control_tap,,translated,
You completed a run using VoiceOver controls.,You completed a run using VoiceOver controls.,In-app,achievement_achieved_control_voiceover,,translated,
You completed a run during GAAD week using assistive technology.,You completed a run during GAAD week using assistive technology.,In-app,achievement_achieved_event_gaad,,translated,
You overtook %@ cars in one run.,You overtook %@ cars in one run.,In-app,achievement_achieved_run_overtakes %@,,translated,
You overtook %@ cars in total.,You overtook %@ cars in total.,In-app,achievement_achieved_total_overtakes %@,,translated,
Digital Crown,Digital Crown,In-app,achievement_control_name_crown,,translated,
Game Controller,Game Controller,In-app,achievement_control_name_gamecontroller,,translated,
Keyboard,Keyboard,In-app,achievement_control_name_keyboard,,translated,
Swipe,Swipe,In-app,achievement_control_name_swipe,,translated,
Tap,Tap,In-app,achievement_control_name_tap,,translated,
VoiceOver,VoiceOver,In-app,achievement_control_name_voiceover,,translated,
+%lld more achievements,+%lld more achievements,In-app,achievement_modal_more %lld,,translated,
Other achievements,Other achievements,In-app,achievement_modal_other_achievements,,translated,
Congratulations! You unlocked:,Congratulations! You unlocked:,In-app,achievement_modal_subtitle,,translated,
Achievement Completed!,Achievement Completed!,In-app,achievement_modal_title,,translated,
%@ Controls,%@ Controls,In-app,achievement_title_control %@,,translated,
Digital Crown Controls,Digital Crown Controls,In-app,achievement_title_control_crown,,translated,
Game Controller Controls,Game Controller Controls,In-app,achievement_title_control_gamecontroller,,translated,
Keyboard Controls,Keyboard Controls,In-app,achievement_title_control_keyboard,,translated,
Swipe Controls,Swipe Controls,In-app,achievement_title_control_swipe,,translated,
Tap Controls,Tap Controls,In-app,achievement_title_control_tap,,translated,
VoiceOver Controls,VoiceOver Controls,In-app,achievement_title_control_voiceover,,translated,
GAAD Assistive Week,GAAD Assistive Week,In-app,achievement_title_event_gaad,,translated,
Streak %lld,Streak %lld,In-app,achievement_title_run_overtakes %lld,,translated,
Overlander %@,Overlander %@,In-app,achievement_title_total_overtakes %@,,translated,
Overlander %lld,Overlander %lld,In-app,achievement_title_total_overtakes %lld,,translated,
Coming soon,Coming soon,In-app,coming_soon,,translated,
A,A,In-app,controller_button_a,,translated,
B,B,In-app,controller_button_b,,translated,
D-pad Left,D-pad Left,In-app,controller_button_dpadLeft,,translated,
D-pad Right,D-pad Right,In-app,controller_button_dpadRight,,translated,
Left Shoulder,Left Shoulder,In-app,controller_button_leftShoulder,,translated,
Left Trigger,Left Trigger,In-app,controller_button_leftTrigger,,translated,
Menu,Menu,In-app,controller_button_menu,,translated,
None,None,In-app,controller_button_none,,translated,
Right Shoulder,Right Shoulder,In-app,controller_button_rightShoulder,,translated,
Right Trigger,Right Trigger,In-app,controller_button_rightTrigger,,translated,
X,X,In-app,controller_button_x,,translated,
Y,Y,In-app,controller_button_y,,translated,
Crash,Crash,In-app,crash_sprite,,translated,
False,False,In-app,debug_boolean_false,,translated,
True,True,In-app,debug_boolean_true,,translated,
Enable experimental Polygon theme,Enable experimental Polygon theme,In-app,debug_enable_experimental_sixty_four_bit_theme,,translated,
Enable experimental Disc theme,Enable experimental Disc theme,In-app,debug_enable_experimental_thirty_two_bit_theme,,translated,
No forced achievement,No forced achievement,In-app,debug_force_achievement_none,,translated,
Forces the selected achievement to appear in Game Over UI without reporting it.,Forces the selected achievement to appear in Game Over UI without reporting it.,In-app,debug_force_achievement_picker_footer,,translated,
Force achievement unlock,Force achievement unlock,In-app,debug_force_achievement_picker_title,,translated,
Active Assistive Technologies,Active Assistive Technologies,In-app,debug_gaad_active_assistive,,translated,
None,None,In-app,debug_gaad_assistive_none,,translated,
Switch Control,Switch Control,In-app,debug_gaad_assistive_switch_control,,translated,
VoiceOver,VoiceOver,In-app,debug_gaad_assistive_voiceover,,translated,
Current Time,Current Time,In-app,debug_gaad_current_time,,translated,
Inside GAAD Week,Inside GAAD Week,In-app,debug_gaad_in_window,,translated,
GAAD Achievement Marked Achieved,GAAD Achievement Marked Achieved,In-app,debug_gaad_local_achievement,,translated,
GAAD Achievement QA,GAAD Achievement QA,In-app,debug_gaad_panel_title,,translated,
Qualification Mode,Qualification Mode,In-app,debug_gaad_qualification_mode,,translated,
VoiceOver only (watchOS v1),VoiceOver only (watchOS v1),In-app,debug_gaad_qualification_mode_voiceover_only,,translated,
VoiceOver + Switch Control (v1),VoiceOver + Switch Control (v1),In-app,debug_gaad_qualification_mode_voiceover_switch,,translated,
Would Qualify If Run Ends Now,Would Qualify If Run Ends Now,In-app,debug_gaad_qualifies_now,,translated,
GAAD Completion Signal Latched,GAAD Completion Signal Latched,In-app,debug_gaad_signal_latched,,translated,
GAAD Week Window,GAAD Week Window,In-app,debug_gaad_window,,translated,
Unavailable,Unavailable,In-app,debug_gaad_window_unavailable,,translated,
Debug,Debug,In-app,debug_section_title,,translated,
Show SpriteKit FPS and node count,Show SpriteKit FPS and node count,In-app,debug_show_spritekit_frame_stats,,translated,
Simulate Unlimited Plays,Simulate Unlimited Plays,In-app,debug_simulate_premium,,translated,
Default uses production behavior. Unlimited Plays forces full access. Freemium simulates that Unlimited Plays has not been purchased.,Default uses production behavior. Unlimited Plays forces full access. Freemium simulates that Unlimited Plays has not been purchased.,In-app,debug_simulate_premium_footer,,translated,
Default,Default,In-app,debug_simulation_mode_default,,translated,
Freemium,Freemium,In-app,debug_simulation_mode_freemium,,translated,
Unlimited Plays,Unlimited Plays,In-app,debug_simulation_mode_unlimited,,translated,
FPS %@ · Nodes %@,FPS %@ · Nodes %@,In-app,debug_spritekit_stats %@ %@,,translated,
Done,Done,In-app,done,,translated,
Unable to load products. Please check your internet connection.,Unable to load products. Please check your internet connection.,In-app,error_product_not_available,,translated,
Retry,Retry,In-app,error_retry,,translated,
"Unlimited until %@, celebrating %@ 🏎","Unlimited until %@, celebrating %@ 🏎",In-app,event_play_unlimited_subtitle %@ %@,,translated,
Unlimited Plays,Unlimited Plays,In-app,event_play_unlimited_title,,translated,
Finish,Finish,In-app,finish,,translated,
Retro (Press Start 2P),Retro (Press Start 2P),In-app,font_style_custom,,translated,
System,System,In-app,font_style_system,,translated,
System monospaced,System monospaced,In-app,font_style_system_monospaced,,translated,
"Upcoming friend score: %@, %lld","Upcoming friend score: %@, %lld",In-app,friend_milestone_avatar %@ %lld,,translated,
Overtook %@,Overtook %@,In-app,friend_overtake_announcement %@,,translated,
Overtook %lld friends,Overtook %lld friends,In-app,friend_overtake_announcement_multiple %lld,,translated,
RetroRapid!,RetroRapid!,In-app,gameName,,translated,
Game Over,Game Over,In-app,gameOver,,translated,
Finish Game,Finish Game,In-app,game_exit_confirmation_finish,,translated,
Keep Playing,Keep Playing,In-app,game_exit_confirmation_keep_playing,,translated,
Do you want to finish this game and return to the menu?,Do you want to finish this game and return to the menu?,In-app,game_exit_confirmation_message,,translated,
Finish this game?,Finish this game?,In-app,game_exit_confirmation_title,,translated,
Best: %lld,Best: %lld,In-app,game_over_best %lld,,translated,
Next round could be your best yet.,Next round could be your best yet.,In-app,game_over_encouragement_subtitle,,translated,
Well played!,Well played!,In-app,game_over_encouragement_title,,translated,
%@: %lld,%@: %lld,In-app,game_over_friend_score %@ %lld,,translated,
Awesome drive! You beat your best score.,Awesome drive! You beat your best score.,In-app,game_over_new_record_subtitle,,translated,
New Record!,New Record!,In-app,game_over_new_record_title,,translated,
New record: %lld,New record: %lld,In-app,game_over_new_record_value %lld,,translated,
Next friend ahead,Next friend ahead,In-app,game_over_next_friend_ahead_title,,translated,
+%lld more,+%lld more,In-app,game_over_overtaken_friends_more %lld,,translated,
Friends overtaken this run,Friends overtaken this run,In-app,game_over_overtaken_friends_title,,translated,
Previous best: %lld,Previous best: %lld,In-app,game_over_previous_best %lld,,translated,
Speed: %@,Speed: %@,In-app,game_over_speed %@,,translated,
Your best: %lld,Your best: %lld,In-app,game_over_your_best %lld,,translated,
"%@ (%lld, %lld)","%@ (%lld, %lld)",In-app,"grid_cell_label %@ (%lld, %lld)",,translated,
Leaderboard,Leaderboard,In-app,leaderboard,,translated,
 x%lld, x%lld,In-app,lives_count,,translated,
Menu,Menu,In-app,menu_button,,translated,
Enjoying the game? You can help RetroRapid!,Enjoying the game? You can help RetroRapid!,In-app,menu_engagement_prompt,,translated,
Enjoying the game?,Enjoying the game?,In-app,menu_engagement_prompt_rate_only,,translated,
Play with Friends,Play with Friends,In-app,menu_play_with_friends,,translated,
Friend races are free.,Friend races are free.,In-app,menu_play_with_friends_free_footer,,translated,
SharePlay matches don’t use daily plays.,SharePlay matches don’t use daily plays.,In-app,menu_play_with_friends_free_hint,,translated,
Rate it,Rate it,In-app,menu_rate_game,,translated,
Support the game,Support the game,In-app,menu_support_game,,translated,
Move left,Move left,In-app,move_left,,translated,
Double-tap to move car left,Double-tap to move car left,In-app,move_left_hint,,translated,
Move right,Move right,In-app,move_right,,translated,
Double-tap to move car right,Double-tap to move car right,In-app,move_right_hint,,translated,
New high score! %lld overtakes,New high score! %lld overtakes,In-app,new_high_score_message %lld,,translated,
No car,No car,In-app,no_car,,translated,
Ok,Ok,In-app,ok,,translated,
Pause,Pause,In-app,pause,,translated,
"Pixel-art portrait of a smiling, bearded man wearing a flat cap and navy sweater, set against a retro racing track with grandstands, starting lights, and tiny green cars in a colorful 16-bit game style.","Pixel-art portrait of a smiling, bearded man wearing a flat cap and navy sweater, set against a retro racing track with grandstands, starting lights, and tiny green cars in a colorful 16-bit game style.",In-app,paywall_avatar_accessibility_label,,translated,
Hi! I'm Dani. Consider unlocking Unlimited Plays as a way to get me a coffee. Being caffeinated helps me keep building new features that I hope you'll love.,Hi! I'm Dani. Consider unlocking Unlimited Plays as a way to get me a coffee. Being caffeinated helps me keep building new features that I hope you'll love.,In-app,paywall_caption_coffee,,translated,
Close,Close,In-app,paywall_close,,translated,
One-time purchase. No subscription. Unlocks unlimited plays forever.,One-time purchase. No subscription. Unlocks unlimited plays forever.,In-app,paywall_footer_one_time,,translated,
"10% of proceeds go to **AMMEC**, an association that promotes autonomy and social integration for people with physical disabilities, supporting families and fostering community.","10% of proceeds go to **AMMEC**, an association that promotes autonomy and social integration for people with physical disabilities, supporting families and fostering community.",In-app,paywall_giving_back_body,,translated,
Giving Back,Giving Back,In-app,paywall_giving_back_title,,translated,
Go Unlimited,Go Unlimited,In-app,paywall_go_premium,,translated,
Learn More,Learn More,In-app,paywall_learn_more,,translated,
"Pit stop! You've used up all your plays for today. Come back tomorrow for more free plays. Or go unlimited: One coffee for me, unlimited plays for you!","Pit stop! You've used up all your plays for today. Come back tomorrow for more free plays. Or go unlimited: One coffee for me, unlimited plays for you!",In-app,paywall_limit_notice,,translated,
Friend races are free with SharePlay!,Friend races are free with SharePlay!,In-app,paywall_shareplay_free_notice,,translated,
Your daily limit resets at midnight.,Your daily limit resets at midnight.,In-app,paywall_stay_free_reset_body,,translated,
No worries!,No worries!,In-app,paywall_stay_free_reset_title,,translated,
Want to Stay Free?,Want to Stay Free?,In-app,paywall_stay_free_title,,translated,
Keep playing as much as you want on your Apple Watch.,Keep playing as much as you want on your Apple Watch.,In-app,paywall_stay_free_watch_body,,translated,
Apple Watch,Apple Watch,In-app,paywall_stay_free_watch_title,,translated,
Get Unlimited Plays,Get Unlimited Plays,In-app,paywall_title,,translated,
Unlimited plays forever. Choose from available visual themes. Support development.,Unlimited plays forever. Choose from available visual themes. Support development.,In-app,paywall_unlimited_and_themes,,translated,
Play,Play,In-app,play,,translated,
Remaining: %lld of %lld,Remaining: %lld of %lld,In-app,play_limit_remaining %lld %lld,,translated,
Resets in %lld hours,Resets in %lld hours,In-app,play_limit_resets_in_hours %lld,,translated,
Resets in 1 hour,Resets in 1 hour,In-app,play_limit_resets_in_one_hour,,translated,
Resets tomorrow at 00:00,Resets tomorrow at 00:00,In-app,play_limit_resets_tomorrow,,translated,
%lld free plays every day without Unlimited Plays.,%lld free plays every day without Unlimited Plays.,In-app,play_limit_section_footer %lld,,translated,
%lld free plays every day without Unlimited Plays. Welcome bonus: %lld free plays on your first day.,%lld free plays every day without Unlimited Plays. Welcome bonus: %lld free plays on your first day.,In-app,play_limit_section_footer_first_day %lld %lld,,translated,
Thank you for your support!,Thank you for your support!,In-app,play_limit_thank_you,,translated,
Play Limit,Play Limit,In-app,play_limit_title,,translated,
♾️ Unlimited,♾️ Unlimited,In-app,play_limit_unlimited,,translated,
Player car,Player car,In-app,player_car,,translated,
Unlimited Plays,Unlimited Plays,In-app,product_unlimited_plays,,translated,
Purchase Failed,Purchase Failed,In-app,purchase_error_title,,translated,
Failed to restore purchases: %@,Failed to restore purchases: %@,In-app,purchase_restored_failed %@,,translated,
No purchases found to restore.,No purchases found to restore.,In-app,purchase_restored_none,,translated,
Purchase restored successfully!,Purchase restored successfully!,In-app,purchase_restored_success,,translated,
You now have unlimited plays!,You now have unlimited plays!,In-app,purchase_success_message,,translated,
Purchase Successful,Purchase Successful,In-app,purchase_success_title,,translated,
Redeem Code,Redeem Code,In-app,redeem_code,,translated,
Play again,Play again,In-app,restart,,translated,
Restore Purchases,Restore Purchases,In-app,restore_purchases,,translated,
Resume,Resume,In-app,resume,,translated,
Rival car,Rival car,In-app,rival_car,,translated,
Score,Score,In-app,score,,translated,
Score: %lld,Score: %lld,In-app,score %lld,,translated,
Settings,Settings,In-app,settings,,translated,
Accessibility,Accessibility,In-app,settings_accessibility,,translated,
Audio cue tutorial,Audio cue tutorial,In-app,settings_audio_cue_tutorial,,translated,
Audio feedback mode,Audio feedback mode,In-app,settings_audio_feedback_mode,,translated,
Audio cues (arpeggio),Audio cues (arpeggio),In-app,settings_audio_feedback_mode_cue_arpeggio,,translated,
Audio cues (chord),Audio cues (chord),In-app,settings_audio_feedback_mode_cue_chord,,translated,
Audio cues (lane pulses),Audio cues (lane pulses),In-app,settings_audio_feedback_mode_cue_lane_pulses,,translated,
Retro audio,Retro audio,In-app,settings_audio_feedback_mode_retro,,translated,
Using Audio cues (arpeggio) (default when VoiceOver is on),Using Audio cues (arpeggio) (default when VoiceOver is on),In-app,settings_audio_feedback_mode_voiceover_default,,translated,
Big Cars,Big Cars,In-app,settings_big_cars,,translated,
Settings coming soon,Settings coming soon,In-app,settings_coming_soon,,translated,
Controller,Controller,In-app,settings_controller,,translated,
Remapped buttons replace the default D-pad/Menu bindings for those actions. The left stick remains a left/right backup. Arrow keys remain active on Mac.,Remapped buttons replace the default D-pad/Menu bindings for those actions. The left stick remains a left/right backup. Arrow keys remain active on Mac.,In-app,settings_controller_footnote,,translated,
"Standard D-pad/left stick and Menu/Start controls always work. Mapped A, X, Y, shoulder, and trigger buttons add alternate controls. B/Back opens the finish confirmation.","Standard D-pad/left stick and Menu/Start controls always work. Mapped A, X, Y, shoulder, and trigger buttons add alternate controls. B/Back opens the finish confirmation.",In-app,settings_controller_footnote_tvos,,translated,
Move Left Button,Move Left Button,In-app,settings_controller_move_left,,translated,
Move Right Button,Move Right Button,In-app,settings_controller_move_right,,translated,
Pause/Resume Button,Pause/Resume Button,In-app,settings_controller_pause_resume,,translated,
Controls,Controls,In-app,settings_controls,,translated,
How to play the game,How to play the game,In-app,settings_controls_how_to_play,,translated,
"• Swipe left or right to move.
• Tap the left or right half of the screen.
• Use the left and right arrow keys when a keyboard is connected.
• With a controller, the D-pad and left stick move by default; you can remap buttons in Controller settings.","• Swipe left or right to move.
• Tap the left or right half of the screen.
• Use the left and right arrow keys when a keyboard is connected.
• With a controller, the D-pad and left stick move by default; you can remap buttons in Controller settings.",In-app,settings_controls_ios,,translated,
"• Use the left and right arrow keys on the keyboard to move.
• Click the left or right half of the window with the trackpad or mouse.
• Press the space bar to pause or resume.
• With a controller, the D-pad and left stick move by default; you can remap buttons in Controller settings.","• Use the left and right arrow keys on the keyboard to move.
• Click the left or right half of the window with the trackpad or mouse.
• Press the space bar to pause or resume.
• With a controller, the D-pad and left stick move by default; you can remap buttons in Controller settings.",In-app,settings_controls_macos,,translated,
"• Swipe left or right, or click the left or right edge of the Siri Remote, to move.
• Press Play/Pause to pause or resume.
• Press Menu/Back to choose whether to finish the game.
• With a controller, use the D-pad or left stick to move, Menu/Start to pause, and B/Back to finish. Mapped buttons add alternate controls.","• Swipe left or right, or click the left or right edge of the Siri Remote, to move.
• Press Play/Pause to pause or resume.
• Press Menu/Back to choose whether to finish the game.
• With a controller, use the D-pad or left stick to move, Menu/Start to pause, and B/Back to finish. Mapped buttons add alternate controls.",In-app,settings_controls_tvos,,translated,
"• Rotate the Digital Crown up to move right and down to move left.
• Tap the left side of the screen to move left and the right side to move right.
• Swipe left to move left and right to move right.","• Rotate the Digital Crown up to move right and down to move left.
• Tap the left side of the screen to move left and the right side to move right.
• Swipe left to move left and right to move right.",In-app,settings_controls_watchos,,translated,
Direct Touch,Direct Touch,In-app,settings_direct_touch,,translated,
Font,Font,In-app,settings_font,,translated,
Haptic feedback,Haptic feedback,In-app,settings_haptic_feedback,,translated,
In-game announcements,In-game announcements,In-app,settings_in_game_announcements,,translated,
Lane change cue,Lane change cue,In-app,settings_lane_move_cue_style,,translated,
Haptics,Haptics,In-app,settings_lane_move_cue_style_haptics,,translated,
Lane + success,Lane + success,In-app,settings_lane_move_cue_style_lane_and_safety,,translated,
Lane confirmation,Lane confirmation,In-app,settings_lane_move_cue_style_lane_confirmation,,translated,
Success,Success,In-app,settings_lane_move_cue_style_safety_only,,translated,
Scores are submitted to Game Center.,Scores are submitted to Game Center.,In-app,settings_leaderboard_watch_info,,translated,
Sign in to Game Center on your iPhone to submit scores from the watch.,Sign in to Game Center on your iPhone to submit scores from the watch.,In-app,settings_leaderboard_watch_sign_in_required,,translated,
Get Unlimited Plays,Get Unlimited Plays,In-app,settings_learn_premium,,translated,
%lld%%,%lld%%,In-app,settings_percentage_value,,translated,
Unlimited Plays,Unlimited Plays,In-app,settings_premium_active,,translated,
Endless play and choose your favorite theme.,Endless play and choose your favorite theme.,In-app,settings_premium_active_subtitle,,translated,
Purchases,Purchases,In-app,settings_purchases_title,,translated,
"If you've purchased Unlimited Plays on another device, tap Restore Purchases.","If you've purchased Unlimited Plays on another device, tap Restore Purchases.",In-app,settings_restore_footer,,translated,
Road Style,Road Style,In-app,settings_road_visual_style,,translated,
Detailed Road,Detailed Road,In-app,settings_road_visual_style_detailed,,translated,
Simplified Grid,Simplified Grid,In-app,settings_road_visual_style_simplified,,translated,
Sound,Sound,In-app,settings_sound,,translated,
Sound effects volume,Sound effects volume,In-app,settings_sound_effects_volume,,translated,
Speed,Speed,In-app,settings_speed,,translated,
Using Cruise (default when VoiceOver is on),Using Cruise (default when VoiceOver is on),In-app,settings_speed_voiceover_default,,translated,
Speed increase warning feedback,Speed increase warning feedback,In-app,settings_speed_warning_feedback,,translated,
VoiceOver announcement,VoiceOver announcement,In-app,settings_speed_warning_feedback_announcement,,translated,
None,None,In-app,settings_speed_warning_feedback_none,,translated,
Preview warning,Preview warning,In-app,settings_speed_warning_feedback_preview_warning,,translated,
Haptic,Haptic,In-app,settings_speed_warning_feedback_warning_haptic,,translated,
Sound,Sound,In-app,settings_speed_warning_feedback_warning_sound,,translated,
Theme,Theme,In-app,settings_theme,,translated,
Style Gallery,Style Gallery,In-app,settings_theme_gallery_preview,,translated,
"Theme preview for %@. Shows both cars, both helmets, the explosion, and the road colors.","Theme preview for %@. Shows both cars, both helmets, the explosion, and the road colors.",In-app,settings_theme_gallery_preview_accessibility %@,,translated,
"%@ theme preview. Home-console sparkle: two bold pixel cars, two punchy helmets, a hot orange crash, and a gray arcade road with bright yellow lines.","%@ theme preview. Home-console sparkle: two bold pixel cars, two punchy helmets, a hot orange crash, and a gray arcade road with bright yellow lines.",In-app,settings_theme_gallery_preview_accessibility_eight_bit,,translated,
"LCD theme preview. Calculator-arcade vibes: two crisp racers, two clean helmets, a bright crash, and a pale road palette built for sunny high-score runs.","LCD theme preview. Calculator-arcade vibes: two crisp racers, two clean helmets, a bright crash, and a pale road palette built for sunny high-score runs.",In-app,settings_theme_gallery_preview_accessibility_lcd,,translated,
"Pocket theme preview. Tiny handheld vibes: two moss-green racers, two chunky helmets, a crunchy crash, and a muted road palette from an old pocket screen.","Pocket theme preview. Tiny handheld vibes: two moss-green racers, two chunky helmets, a crunchy crash, and a muted road palette from an old pocket screen.",In-app,settings_theme_gallery_preview_accessibility_pocket,,translated,
"%@ theme preview. Early arcade drama: two richer pixel cars, two glossy helmets, a fiery crash, and a fast gray road cutting through green grass.","%@ theme preview. Early arcade drama: two richer pixel cars, two glossy helmets, a fiery crash, and a fast gray road cutting through green grass.",In-app,settings_theme_gallery_preview_accessibility_sixteen_bit,,translated,
"%@ theme preview. Low-poly console racing: two faceted racers, two sculpted helmets, an explosive crash, and a neon aqua circuit over midnight asphalt.","%@ theme preview. Low-poly console racing: two faceted racers, two sculpted helmets, an explosive crash, and a neon aqua circuit over midnight asphalt.",In-app,settings_theme_gallery_preview_accessibility_sixty_four_bit,,translated,
"%@ theme preview. Late-’90s console energy: two detailed racers, two glossy helmets, a bright crash, and an electric aqua circuit over dark asphalt.","%@ theme preview. Late-’90s console energy: two detailed racers, two glossy helmets, a bright crash, and an electric aqua circuit over dark asphalt.",In-app,settings_theme_gallery_preview_accessibility_thirty_two_bit,,translated,
Style Gallery,Style Gallery,In-app,settings_theme_gallery_title,,translated,
"Want to change themes, get Unlimited Plays, and support the game's development too?","Want to change themes, get Unlimited Plays, and support the game's development too?",In-app,settings_theme_gallery_unlock_body,,translated,
Style,Style,In-app,settings_theme_style,,translated,
Want to change themes? Unlock Unlimited Plays in Purchases.,Want to change themes? Unlock Unlimited Plays in Purchases.,In-app,settings_theme_unlock_footnote,,translated,
Vibration,Vibration,In-app,settings_vibration,,translated,
Announce friend overtakes,Announce friend overtakes,In-app,settings_voiceover_friend_overtake_announcements,,translated,
Share,Share,In-app,share_action,,translated,
The connection was lost. Tap Done to return to the menu.,The connection was lost. Tap Done to return to the menu.,In-app,shareplay_aborted_disconnected_body,,translated,
Your friend is done playing for now. Tap Done to return to the menu.,Your friend is done playing for now. Tap Done to return to the menu.,In-app,shareplay_aborted_session_ended_body,,translated,
Session Ended,Session Ended,In-app,shareplay_aborted_title,,translated,
Accept Challenge,Accept Challenge,In-app,shareplay_accept_challenge_button,,translated,
RetroRapid! Multiplayer Race,RetroRapid! Multiplayer Race,In-app,shareplay_activity_title,,translated,
Get ready! The race is about to start.,Get ready! The race is about to start.,In-app,shareplay_announcement_countdown,,translated,
Your friend disconnected.,Your friend disconnected.,In-app,shareplay_announcement_disconnected,,translated,
You lost with %lld overtakes. Your friend: %lld.,You lost with %lld overtakes. Your friend: %lld.,In-app,shareplay_announcement_lost %lld %lld,,translated,
Go!,Go!,In-app,shareplay_announcement_round_start,,translated,
The SharePlay session has ended.,The SharePlay session has ended.,In-app,shareplay_announcement_session_ended,,translated,
It's a tie at %lld overtakes each.,It's a tie at %lld overtakes each.,In-app,shareplay_announcement_tie %lld %lld,,translated,
Waiting for your friend to join.,Waiting for your friend to join.,In-app,shareplay_announcement_waiting,,translated,
Waiting for your friend to finish.,Waiting for your friend to finish.,In-app,shareplay_announcement_waiting_for_opponent,,translated,
You won with %lld overtakes. Your friend: %lld.,You won with %lld overtakes. Your friend: %lld.,In-app,shareplay_announcement_won %lld %lld,,translated,
Starting in %lld,Starting in %lld,In-app,shareplay_countdown_accessibility %lld,,translated,
Get Ready!,Get Ready!,In-app,shareplay_countdown_title,,translated,
Connection Lost,Connection Lost,In-app,shareplay_disconnected_title,,translated,
Done,Done,In-app,shareplay_done_button,,translated,
You: %lld  Friend: %lld,You: %lld  Friend: %lld,In-app,shareplay_final_scores %lld %lld,,translated,
Your friend's: %lld,Your friend's: %lld,In-app,shareplay_friend_overtakes %lld,,translated,
Leave,Leave,In-app,shareplay_leave_button,,translated,
You,You,In-app,shareplay_local_player_name,,translated,
Your friend,Your friend,In-app,shareplay_opponent_fallback_name,,translated,
"%@, %lld overtakes, %lld lives remaining","%@, %lld overtakes, %lld lives remaining",In-app,shareplay_opponent_overtakes_accessibility %@ %lld %lld,,translated,
%@: %lld overtakes,%@: %lld overtakes,In-app,shareplay_opponent_overtakes_row %@ %lld,,translated,
Friend score: %lld,Friend score: %lld,In-app,shareplay_opponent_score_accessibility_label %lld,,translated,
Friend,Friend,In-app,shareplay_opponent_score_fallback_label,,translated,
Friend,Friend,In-app,shareplay_opponent_score_label,,translated,
%@: %lld overtakes,%@: %lld overtakes,In-app,shareplay_overtakes_row %@ %lld,,translated,
Bad Luck!,Bad Luck!,In-app,shareplay_result_lost,,translated,
Next round could go your way.,Next round could go your way.,In-app,shareplay_result_lost_subtitle,,translated,
It's a Tie!,It's a Tie!,In-app,shareplay_result_tie,,translated,
What a race. You matched each other overtake for overtake.,What a race. You matched each other overtake for overtake.,In-app,shareplay_result_tie_subtitle,,translated,
Match Result,Match Result,In-app,shareplay_result_title,,translated,
You Won!,You Won!,In-app,shareplay_result_won,,translated,
Nice work. You crossed the line first!,Nice work. You crossed the line first!,In-app,shareplay_result_won_subtitle,,translated,
Play Again,Play Again,In-app,shareplay_retry_button,,translated,
Your friend challenged you again?,Your friend challenged you again?,In-app,shareplay_retry_challenge_title,,translated,
You didn't both confirm in time. Tap Leave to return to the menu.,You didn't both confirm in time. Tap Leave to return to the menu.,In-app,shareplay_retry_timed_out_body,,translated,
Rematch Timed Out,Rematch Timed Out,In-app,shareplay_retry_timed_out_title,,translated,
Waiting for your friend to confirm...,Waiting for your friend to confirm...,In-app,shareplay_retry_waiting_for_opponent,,translated,
Accept when you're ready for the rematch.,Accept when you're ready for the rematch.,In-app,shareplay_retry_waiting_for_you,,translated,
Rematch?,Rematch?,In-app,shareplay_retry_waiting_title,,translated,
"%@, %lld points, %lld lives remaining","%@, %lld points, %lld lives remaining",In-app,shareplay_score_accessibility %@ %lld %lld,,translated,
%@: %lld,%@: %lld,In-app,shareplay_score_row %@ %lld,,translated,
Your overtakes: %lld. Friend: %lld,Your overtakes: %lld. Friend: %lld,In-app,shareplay_waiting_for_opponent_overtakes %lld %lld,,translated,
Your overtakes: %lld. Friend: %lld,Your overtakes: %lld. Friend: %lld,In-app,shareplay_waiting_for_opponent_scores %lld %lld,,translated,
Waiting for your friend to finish...,Waiting for your friend to finish...,In-app,shareplay_waiting_for_opponent_title,,translated,
Waiting for your friend...,Waiting for your friend...,In-app,shareplay_waiting_title,,translated,
Your overtakes: %lld,Your overtakes: %lld,In-app,shareplay_your_overtakes %lld,,translated,
You: %lld,You: %lld,In-app,shareplay_your_score_row %lld,,translated,
Hey Ho!,Hey Ho!,In-app,speed_alert_hey_ho,,translated,
Hey Ho! Speed increasing!,Hey Ho! Speed increasing!,In-app,speed_increase_announcement,,translated,
Speed increasing!,Speed increasing!,In-app,speed_increasing_alert,,translated,
Cruise,Cruise,In-app,speed_level_cruise,,translated,
Fast,Fast,In-app,speed_level_fast,,translated,
Rapid,Rapid,In-app,speed_level_rapid,,translated,
All lanes safe,All lanes safe,In-app,tutorial_audio_lane_all,,translated,
Center,Center,In-app,tutorial_audio_lane_center,,translated,
Center and right,Center and right,In-app,tutorial_audio_lane_center_right,,translated,
Left,Left,In-app,tutorial_audio_lane_left,,translated,
Left and center,Left and center,In-app,tutorial_audio_lane_left_center,,translated,
Left and right,Left and right,In-app,tutorial_audio_lane_left_right,,translated,
Lane cue variants,Lane cue variants,In-app,tutorial_audio_lane_modes_title,,translated,
Right,Right,In-app,tutorial_audio_lane_right,,translated,
Plays safe lanes one note after another from left to right.,Plays safe lanes one note after another from left to right.,In-app,tutorial_audio_mode_description_arpeggio,,translated,
Plays all safe lanes at once as a chord.,Plays all safe lanes at once as a chord.,In-app,tutorial_audio_mode_description_chord,,translated,
Plays short pulses in lane slots; an active pulse marks a safe lane.,Plays short pulses in lane slots; an active pulse marks a safe lane.,In-app,tutorial_audio_mode_description_lane_pulses,,translated,
Lane change cue variants,Lane change cue variants,In-app,tutorial_audio_move_modes_title,,translated,
Plays a success haptic for a safe lane and a move haptic for an unsafe lane.,Plays a success haptic for a safe lane and a move haptic for an unsafe lane.,In-app,tutorial_audio_move_style_description_haptics,,translated,
Plays lane confirmation followed by a success or fail tone.,Plays lane confirmation followed by a success or fail tone.,In-app,tutorial_audio_move_style_description_lane_and_safety,,translated,
"Plays only the destination lane note, as you move left or right, so you can match it with the audio cue.","Plays only the destination lane note, as you move left or right, so you can match it with the audio cue.",In-app,tutorial_audio_move_style_description_lane_confirmation,,translated,
Plays only a success or fail tone.,Plays only a success or fail tone.,In-app,tutorial_audio_move_style_description_safety_only,,translated,
Play,Play,In-app,tutorial_audio_play_preview,,translated,
Fail,Fail,In-app,tutorial_audio_preview_fail,,translated,
Safe,Safe,In-app,tutorial_audio_preview_safe,,translated,
Safe lane,Safe lane,In-app,tutorial_audio_preview_safe_lane,,translated,
Unsafe,Unsafe,In-app,tutorial_audio_preview_unsafe,,translated,
Unsafe lane,Unsafe lane,In-app,tutorial_audio_preview_unsafe_lane,,translated,
Audio cue tutorial,Audio cue tutorial,In-app,tutorial_audio_title,,translated,
%@ configured,%@ configured,In-app,tutorial_configured %@,,translated,
Tutorial,Tutorial,In-app,tutorial_help_button,,translated,
Tutorial,Tutorial,In-app,tutorial_help_title,,translated,
Audio feedback mode,Audio feedback mode,In-app,tutorial_section_audio_feedback_mode,,translated,
Description,Description,In-app,tutorial_section_description,,translated,
Lane change cue,Lane change cue,In-app,tutorial_section_lane_change_cue,,translated,
Speed increase warning feedback,Speed increase warning feedback,In-app,tutorial_section_speed_warning_feedback,,translated,
Set %@,Set %@,In-app,tutorial_set %@,,translated,
Announces the speed increase with VoiceOver.,Announces the speed increase with VoiceOver.,In-app,tutorial_speed_warning_description_announcement,,translated,
Plays a warning haptic before the speed increase.,Plays a warning haptic before the speed increase.,In-app,tutorial_speed_warning_description_haptic,,translated,
Does not play any speed-increase warning.,Does not play any speed-increase warning.,In-app,tutorial_speed_warning_description_none,,translated,
Plays a short three-note ascending warning chirp.,Plays a short three-note ascending warning chirp.,In-app,tutorial_speed_warning_description_sound,,translated,
"RetroRapid! is a 3-lane racing game. Move left or right between the three positions. We play sounds to indicate which lanes are safe, and you must quickly move into a safe lane to overtake cars and avoid crashing.","RetroRapid! is a 3-lane racing game. Move left or right between the three positions. We play sounds to indicate which lanes are safe, and you must quickly move into a safe lane to overtake cars and avoid crashing.",In-app,tutorial_voiceover_intro,,translated,
Polygon Racing,Polygon Racing,In-app,vision_64bit_racing,,translated,
Classic,Classic,In-app,vision_classic_title,,translated,
Classic race track,Classic race track,In-app,vision_classic_track,,translated,
Current lane,Current lane,In-app,vision_current_lane,,translated,
Game Over,Game Over,In-app,vision_game_over,,translated,
"Score %lld, %lld lives, level %lld","Score %lld, %lld lives, level %lld",In-app,vision_hud_status_format,,translated,
Lane %lld,Lane %lld,In-app,vision_lane_format,,translated,
Level %lld,Level %lld,In-app,vision_level_format,,translated,
The 3D car could not be loaded. Your race is still active in Classic. Try again.,The 3D car could not be loaded. Your race is still active in Classic. Try again.,In-app,vision_model_unavailable,,translated,
"Race in a classic window, then move the same run onto your table in 3D.","Race in a classic window, then move the same run onto your table in 3D.",In-app,vision_play_description,,translated,
Play in 3D,Play in 3D,In-app,vision_play_in_3d,,translated,
Moves this race into a tabletop volume without restarting it,Moves this race into a tabletop volume without restarting it,In-app,vision_play_in_3d_hint,,translated,
Race controls,Race controls,In-app,vision_race_controls,,translated,
Race status,Race status,In-app,vision_race_status,,translated,
"Score %lld, %lld lives, lane %lld of %lld, %@","Score %lld, %lld lives, lane %lld of %lld, %@",In-app,vision_race_status_format,,translated,
Race track,Race track,In-app,vision_race_track_input_label,,translated,
Return to 2D,Return to 2D,In-app,vision_return_to_2d,,translated,
Returns this race to its classic window without restarting it,Returns this race to its classic window without restarting it,In-app,vision_return_to_2d_hint,,translated,
Select lane,Select lane,In-app,vision_select_lane,,translated,
Collision,Collision,In-app,vision_state_collision,,translated,
Finished,Finished,In-app,vision_state_finished,,translated,
Paused,Paused,In-app,vision_state_paused,,translated,
Racing,Racing,In-app,vision_state_racing,,translated,
Ready,Ready,In-app,vision_state_ready,,translated,
Tabletop,Tabletop,In-app,vision_tabletop_title,,translated,
Tabletop race track,Tabletop race track,In-app,vision_tabletop_track,,translated,
Unable to Switch Presentation,Unable to Switch Presentation,In-app,vision_transition_alert_title,,translated,
The other presentation could not be opened. Your race is still active. Try again.,The other presentation could not be opened. Your race is still active. Try again.,In-app,vision_transition_routing_failed,,translated,
The other presentation did not become ready. Your race is still active. Try again.,The other presentation did not become ready. Your race is still active. Try again.,In-app,vision_transition_timeout,,translated,
x%lld,x%lld,In-app,x%lld,,translated,
RetroRapid: Retro Arcade Racer,RetroRapid: Retro Arcade Racer,App Store metadata,name,≤ 30 characters,needs_review,
Dodge Traffic Across 3 Lanes,Overtake Rivals. Beat Records,App Store metadata,subtitle,≤ 30 characters,needs_review,
"car,high,score,overtake,reflex,offline,voiceover,haptics,controller,leaderboard,handheld,lcd,friends","chase,mobile,quick,offline,voiceover,haptic,controller,handheld,lcd,leaderboard,high,score,ipad,mac",App Store metadata,keywords,≤ 100 UTF-8 bytes,needs_review,
"Race friends free with SharePlay on iPhone and iPad. Dodge traffic together, rematch fast, and keep solo runs quick anywhere.","Race friends free with SharePlay on iPhone and iPad. Dodge traffic together, rematch fast, and keep solo runs quick anywhere.",App Store metadata,promotionalText,≤ 170 characters,needs_review,
"RetroRapid! is a fast 3-lane arcade racer built for quick sessions and high-score chasing.

Dodge traffic and survive as speed keeps rising. Controls are easy to learn and hard to master, so every run becomes a reflex challenge.

Why players keep coming back:
- Quick, one-more-run arcade gameplay
- Live two-player SharePlay races on iPhone and iPad
- Friend races are free and never use daily plays
- Game Center leaderboards, achievements, and friend markers
- Play on iPhone, iPad, Mac, and Apple Watch
- Touch, swipe, keyboard, Digital Crown, and supported game controllers
- VoiceOver, audio cues, haptics, larger text, high contrast, and Reduce Motion support
- Works offline for quick races anytime
- Play free every day, or unlock Unlimited Plays once; no subscription
- No data collection

Crash, restart, and beat your best.

Players are saying:
""I am really a fan of this nice accessible game that I can just pick up and play! Finally, something that also works with the apple watch!""
- Datafile, App Store review

Featured in Create with Swift, Weekly Newsletter #96 (Indie App of the Week):
""But beyond the nostalgia and tight gameplay, what truly stands out is its accessibility.""","RetroRapid! is a fast 3-lane arcade racer built for quick sessions and high-score chasing.

Dodge traffic and survive as speed keeps rising. Controls are easy to learn and hard to master, so every run becomes a reflex challenge.

Why players keep coming back:
- Quick, one-more-run arcade gameplay
- Live two-player SharePlay races on iPhone and iPad
- Friend races are free and never use daily plays
- Game Center leaderboards, achievements, and friend markers
- Play on iPhone, iPad, Mac, and Apple Watch
- Touch, swipe, keyboard, Digital Crown, and supported game controllers
- VoiceOver, audio cues, haptics, larger text, high contrast, and Reduce Motion support
- Works offline for quick races anytime
- Play free every day, or unlock Unlimited Plays once; no subscription
- No data collection

Crash, restart, and beat your best.

Players are saying:
""I am really a fan of this nice accessible game that I can just pick up and play! Finally, something that also works with the apple watch!""
- Datafile, App Store review

Featured in Create with Swift, Weekly Newsletter #96 (Indie App of the Week):
""But beyond the nostalgia and tight gameplay, what truly stands out is its accessibility.""",App Store metadata,description,≤ 4000 characters,needs_review,
"Discover two new visual styles: bold 8-Bit and richly detailed 16-Bit. The new Style Gallery makes it easy to preview every theme before choosing your favorite.

SharePlay friend races now work on Mac too, alongside iPhone and iPad.

This update also improves performance, refines landscape layouts, polishes menus and game-over screens, and makes cars and helmets clearer across themes.

RetroRapid! is now fully localized in Turkish and Polish.

Thanks for racing with us.","Discover two new visual styles: bold 8-Bit and richly detailed 16-Bit. The new Style Gallery makes it easy to preview every theme before choosing your favorite.

SharePlay friend races now work on Mac too, alongside iPhone and iPad.

This update also improves performance, refines landscape layouts, polishes menus and game-over screens, and makes cars and helmets clearer across themes.

RetroRapid! is now fully localized in Turkish and Polish.

Thanks for racing with us.",App Store metadata,whatsNew,≤ 4000 characters,needs_review,
Unlimited Plays,Unlimited Plays,IAP,unlimitedPlays.name,≤ 30 characters,inherited,
Play unlimited and support RetroRapid!,Play unlimited and support RetroRapid!,IAP,unlimitedPlays.description,≤ 45 characters,inherited,
Streak 100,Streak 100,Game Center,achievement.com.accessibilityUpTo11.RetroRacing.achievement.run.overtakes.0100.name,≤ 100 characters,inherited,
Overtake 100 cars in one run.,Overtake 100 cars in one run.,Game Center,achievement.com.accessibilityUpTo11.RetroRacing.achievement.run.overtakes.0100.preEarnedDescription,≤ 200 characters,inherited,
You overtook 100 cars in one run.,You overtook 100 cars in one run.,Game Center,achievement.com.accessibilityUpTo11.RetroRacing.achievement.run.overtakes.0100.earnedDescription,≤ 200 characters,inherited,
Streak 200,Streak 200,Game Center,achievement.com.accessibilityUpTo11.RetroRacing.achievement.run.overtakes.0200.name,≤ 100 characters,inherited,
Overtake 200 cars in one run.,Overtake 200 cars in one run.,Game Center,achievement.com.accessibilityUpTo11.RetroRacing.achievement.run.overtakes.0200.preEarnedDescription,≤ 200 characters,inherited,
You overtook 200 cars in one run.,You overtook 200 cars in one run.,Game Center,achievement.com.accessibilityUpTo11.RetroRacing.achievement.run.overtakes.0200.earnedDescription,≤ 200 characters,inherited,
Streak 300,Streak 300,Game Center,achievement.com.accessibilityUpTo11.RetroRacing.achievement.run.overtakes.0300.name,≤ 100 characters,inherited,
Overtake 300 cars in one run.,Overtake 300 cars in one run.,Game Center,achievement.com.accessibilityUpTo11.RetroRacing.achievement.run.overtakes.0300.preEarnedDescription,≤ 200 characters,inherited,
You overtook 300 cars in one run.,You overtook 300 cars in one run.,Game Center,achievement.com.accessibilityUpTo11.RetroRacing.achievement.run.overtakes.0300.earnedDescription,≤ 200 characters,inherited,
Streak 400,Streak 400,Game Center,achievement.com.accessibilityUpTo11.RetroRacing.achievement.run.overtakes.0400.name,≤ 100 characters,inherited,
Overtake 400 cars in one run.,Overtake 400 cars in one run.,Game Center,achievement.com.accessibilityUpTo11.RetroRacing.achievement.run.overtakes.0400.preEarnedDescription,≤ 200 characters,inherited,
You overtook 400 cars in one run.,You overtook 400 cars in one run.,Game Center,achievement.com.accessibilityUpTo11.RetroRacing.achievement.run.overtakes.0400.earnedDescription,≤ 200 characters,inherited,
Streak 500,Streak 500,Game Center,achievement.com.accessibilityUpTo11.RetroRacing.achievement.run.overtakes.0500.name,≤ 100 characters,inherited,
Overtake 500 cars in one run.,Overtake 500 cars in one run.,Game Center,achievement.com.accessibilityUpTo11.RetroRacing.achievement.run.overtakes.0500.preEarnedDescription,≤ 200 characters,inherited,
You overtook 500 cars in one run.,You overtook 500 cars in one run.,Game Center,achievement.com.accessibilityUpTo11.RetroRacing.achievement.run.overtakes.0500.earnedDescription,≤ 200 characters,inherited,
Streak 600,Streak 600,Game Center,achievement.com.accessibilityUpTo11.RetroRacing.achievement.run.overtakes.0600.name,≤ 100 characters,inherited,
Overtake 600 cars in one run.,Overtake 600 cars in one run.,Game Center,achievement.com.accessibilityUpTo11.RetroRacing.achievement.run.overtakes.0600.preEarnedDescription,≤ 200 characters,inherited,
You overtook 600 cars in one run.,You overtook 600 cars in one run.,Game Center,achievement.com.accessibilityUpTo11.RetroRacing.achievement.run.overtakes.0600.earnedDescription,≤ 200 characters,inherited,
Streak 700,Streak 700,Game Center,achievement.com.accessibilityUpTo11.RetroRacing.achievement.run.overtakes.0700.name,≤ 100 characters,inherited,
Overtake 700 cars in one run.,Overtake 700 cars in one run.,Game Center,achievement.com.accessibilityUpTo11.RetroRacing.achievement.run.overtakes.0700.preEarnedDescription,≤ 200 characters,inherited,
You overtook 700 cars in one run.,You overtook 700 cars in one run.,Game Center,achievement.com.accessibilityUpTo11.RetroRacing.achievement.run.overtakes.0700.earnedDescription,≤ 200 characters,inherited,
Streak 800,Streak 800,Game Center,achievement.com.accessibilityUpTo11.RetroRacing.achievement.run.overtakes.0800.name,≤ 100 characters,inherited,
Overtake 800 cars in one run.,Overtake 800 cars in one run.,Game Center,achievement.com.accessibilityUpTo11.RetroRacing.achievement.run.overtakes.0800.preEarnedDescription,≤ 200 characters,inherited,
You overtook 800 cars in one run.,You overtook 800 cars in one run.,Game Center,achievement.com.accessibilityUpTo11.RetroRacing.achievement.run.overtakes.0800.earnedDescription,≤ 200 characters,inherited,
Overlander 1K,Overlander 1K,Game Center,achievement.com.accessibilityUpTo11.RetroRacing.achievement.total.overtakes.001k.name,≤ 100 characters,inherited,
"Overtake 1,000 cars in total.","Overtake 1,000 cars in total.",Game Center,achievement.com.accessibilityUpTo11.RetroRacing.achievement.total.overtakes.001k.preEarnedDescription,≤ 200 characters,inherited,
"You overtook 1,000 cars in total.","You overtook 1,000 cars in total.",Game Center,achievement.com.accessibilityUpTo11.RetroRacing.achievement.total.overtakes.001k.earnedDescription,≤ 200 characters,inherited,
Overlander 5K,Overlander 5K,Game Center,achievement.com.accessibilityUpTo11.RetroRacing.achievement.total.overtakes.005k.name,≤ 100 characters,inherited,
"Overtake 5,000 cars in total.","Overtake 5,000 cars in total.",Game Center,achievement.com.accessibilityUpTo11.RetroRacing.achievement.total.overtakes.005k.preEarnedDescription,≤ 200 characters,inherited,
"You overtook 5,000 cars in total.","You overtook 5,000 cars in total.",Game Center,achievement.com.accessibilityUpTo11.RetroRacing.achievement.total.overtakes.005k.earnedDescription,≤ 200 characters,inherited,
Overlander 10K,Overlander 10K,Game Center,achievement.com.accessibilityUpTo11.RetroRacing.achievement.total.overtakes.010k.name,≤ 100 characters,inherited,
"Overtake 10,000 cars in total.","Overtake 10,000 cars in total.",Game Center,achievement.com.accessibilityUpTo11.RetroRacing.achievement.total.overtakes.010k.preEarnedDescription,≤ 200 characters,inherited,
"You overtook 10,000 cars in total.","You overtook 10,000 cars in total.",Game Center,achievement.com.accessibilityUpTo11.RetroRacing.achievement.total.overtakes.010k.earnedDescription,≤ 200 characters,inherited,
Overlander 20K,Overlander 20K,Game Center,achievement.com.accessibilityUpTo11.RetroRacing.achievement.total.overtakes.020k.name,≤ 100 characters,inherited,
"Overtake 20,000 cars in total.","Overtake 20,000 cars in total.",Game Center,achievement.com.accessibilityUpTo11.RetroRacing.achievement.total.overtakes.020k.preEarnedDescription,≤ 200 characters,inherited,
"You overtook 20,000 cars in total.","You overtook 20,000 cars in total.",Game Center,achievement.com.accessibilityUpTo11.RetroRacing.achievement.total.overtakes.020k.earnedDescription,≤ 200 characters,inherited,
Overlander 50K,Overlander 50K,Game Center,achievement.com.accessibilityUpTo11.RetroRacing.achievement.total.overtakes.050k.name,≤ 100 characters,inherited,
"Overtake 50,000 cars in total.","Overtake 50,000 cars in total.",Game Center,achievement.com.accessibilityUpTo11.RetroRacing.achievement.total.overtakes.050k.preEarnedDescription,≤ 200 characters,inherited,
"You overtook 50,000 cars in total.","You overtook 50,000 cars in total.",Game Center,achievement.com.accessibilityUpTo11.RetroRacing.achievement.total.overtakes.050k.earnedDescription,≤ 200 characters,inherited,
Overlander 100K,Overlander 100K,Game Center,achievement.com.accessibilityUpTo11.RetroRacing.achievement.total.overtakes.100k.name,≤ 100 characters,inherited,
"Overtake 100,000 cars in total.","Overtake 100,000 cars in total.",Game Center,achievement.com.accessibilityUpTo11.RetroRacing.achievement.total.overtakes.100k.preEarnedDescription,≤ 200 characters,inherited,
"You overtook 100,000 cars in total.","You overtook 100,000 cars in total.",Game Center,achievement.com.accessibilityUpTo11.RetroRacing.achievement.total.overtakes.100k.earnedDescription,≤ 200 characters,inherited,
Overlander 200K,Overlander 200K,Game Center,achievement.com.accessibilityUpTo11.RetroRacing.achievement.total.overtakes.200k.name,≤ 100 characters,inherited,
"Overtake 200,000 cars in total.","Overtake 200,000 cars in total.",Game Center,achievement.com.accessibilityUpTo11.RetroRacing.achievement.total.overtakes.200k.preEarnedDescription,≤ 200 characters,inherited,
"You overtook 200,000 cars in total.","You overtook 200,000 cars in total.",Game Center,achievement.com.accessibilityUpTo11.RetroRacing.achievement.total.overtakes.200k.earnedDescription,≤ 200 characters,inherited,
Tap Controls,Tap Controls,Game Center,achievement.com.accessibilityUpTo11.RetroRacing.achievement.control.tap.name,≤ 100 characters,inherited,
Complete a run using Tap controls.,Complete a run using Tap controls.,Game Center,achievement.com.accessibilityUpTo11.RetroRacing.achievement.control.tap.preEarnedDescription,≤ 200 characters,inherited,
You completed a run using Tap controls.,You completed a run using Tap controls.,Game Center,achievement.com.accessibilityUpTo11.RetroRacing.achievement.control.tap.earnedDescription,≤ 200 characters,inherited,
Swipe Controls,Swipe Controls,Game Center,achievement.com.accessibilityUpTo11.RetroRacing.achievement.control.swipe.name,≤ 100 characters,inherited,
Complete a run using Swipe controls.,Complete a run using Swipe controls.,Game Center,achievement.com.accessibilityUpTo11.RetroRacing.achievement.control.swipe.preEarnedDescription,≤ 200 characters,inherited,
You completed a run using Swipe controls.,You completed a run using Swipe controls.,Game Center,achievement.com.accessibilityUpTo11.RetroRacing.achievement.control.swipe.earnedDescription,≤ 200 characters,inherited,
Keyboard Controls,Keyboard Controls,Game Center,achievement.com.accessibilityUpTo11.RetroRacing.achievement.control.keyboard.name,≤ 100 characters,inherited,
Complete a run using Keyboard controls.,Complete a run using Keyboard controls.,Game Center,achievement.com.accessibilityUpTo11.RetroRacing.achievement.control.keyboard.preEarnedDescription,≤ 200 characters,inherited,
You completed a run using Keyboard controls.,You completed a run using Keyboard controls.,Game Center,achievement.com.accessibilityUpTo11.RetroRacing.achievement.control.keyboard.earnedDescription,≤ 200 characters,inherited,
VoiceOver Controls,VoiceOver Controls,Game Center,achievement.com.accessibilityUpTo11.RetroRacing.achievement.control.voiceover.name,≤ 100 characters,inherited,
Complete a run using VoiceOver controls.,Complete a run using VoiceOver controls.,Game Center,achievement.com.accessibilityUpTo11.RetroRacing.achievement.control.voiceover.preEarnedDescription,≤ 200 characters,inherited,
You completed a run using VoiceOver controls.,You completed a run using VoiceOver controls.,Game Center,achievement.com.accessibilityUpTo11.RetroRacing.achievement.control.voiceover.earnedDescription,≤ 200 characters,inherited,
Digital Crown Controls,Digital Crown Controls,Game Center,achievement.com.accessibilityUpTo11.RetroRacing.achievement.control.crown.name,≤ 100 characters,inherited,
Complete a run using Digital Crown controls.,Complete a run using Digital Crown controls.,Game Center,achievement.com.accessibilityUpTo11.RetroRacing.achievement.control.crown.preEarnedDescription,≤ 200 characters,inherited,
You completed a run using Digital Crown controls.,You completed a run using Digital Crown controls.,Game Center,achievement.com.accessibilityUpTo11.RetroRacing.achievement.control.crown.earnedDescription,≤ 200 characters,inherited,
Game Controller Controls,Game Controller Controls,Game Center,achievement.com.accessibilityUpTo11.RetroRacing.achievement.control.gamecontroller.name,≤ 100 characters,inherited,
Complete a run using Game Controller controls.,Complete a run using Game Controller controls.,Game Center,achievement.com.accessibilityUpTo11.RetroRacing.achievement.control.gamecontroller.preEarnedDescription,≤ 200 characters,inherited,
You completed a run using Game Controller controls.,You completed a run using Game Controller controls.,Game Center,achievement.com.accessibilityUpTo11.RetroRacing.achievement.control.gamecontroller.earnedDescription,≤ 200 characters,inherited,
GAAD Assistive Week,GAAD Assistive Week,Game Center,achievement.com.accessibilityUpTo11.RetroRacing.achievement.event.gaad.assistive.name,≤ 100 characters,inherited,
Complete a run during GAAD week using assistive technology.,Complete a run during GAAD week using assistive technology.,Game Center,achievement.com.accessibilityUpTo11.RetroRacing.achievement.event.gaad.assistive.preEarnedDescription,≤ 200 characters,inherited,
You completed a run during GAAD week using assistive technology.,You completed a run during GAAD week using assistive technology.,Game Center,achievement.com.accessibilityUpTo11.RetroRacing.achievement.event.gaad.assistive.earnedDescription,≤ 200 characters,inherited,
iPhone High Score - Cruise,iPhone High Score - Cruise,Game Center,leaderboard.bestios001cruise.displayName,≤ 30 characters,inherited,
Overtake as many cars as you can in one run.,Overtake as many cars as you can in one run.,Game Center,leaderboard.bestios001cruise.description,≤ 500 characters,inherited,
Cruise,Cruise,Game Center,leaderboard.bestios001cruise.difficulty,,inherited,
overtake,overtake,Game Center,leaderboard.bestios001cruise.suffixSingular,,inherited,
overtakes,overtakes,Game Center,leaderboard.bestios001cruise.suffixPlural,,inherited,
iPhone High Score - Fast,iPhone High Score - Fast,Game Center,leaderboard.bestios001fast.displayName,≤ 30 characters,inherited,
Overtake as many cars as you can in one run.,Overtake as many cars as you can in one run.,Game Center,leaderboard.bestios001fast.description,≤ 500 characters,inherited,
Fast,Fast,Game Center,leaderboard.bestios001fast.difficulty,,inherited,
overtake,overtake,Game Center,leaderboard.bestios001fast.suffixSingular,,inherited,
overtakes,overtakes,Game Center,leaderboard.bestios001fast.suffixPlural,,inherited,
iPhone High Score - Rapid,iPhone High Score - Rapid,Game Center,leaderboard.bestios001test.displayName,≤ 30 characters,inherited,
Overtake as many cars as you can in one run.,Overtake as many cars as you can in one run.,Game Center,leaderboard.bestios001test.description,≤ 500 characters,inherited,
Rapid,Rapid,Game Center,leaderboard.bestios001test.difficulty,,inherited,
overtake,overtake,Game Center,leaderboard.bestios001test.suffixSingular,,inherited,
overtakes,overtakes,Game Center,leaderboard.bestios001test.suffixPlural,,inherited,
iPad High Score - Cruise,iPad High Score - Cruise,Game Center,leaderboard.bestipad001cruise.displayName,≤ 30 characters,inherited,
Overtake as many cars as you can in one run.,Overtake as many cars as you can in one run.,Game Center,leaderboard.bestipad001cruise.description,≤ 500 characters,inherited,
Cruise,Cruise,Game Center,leaderboard.bestipad001cruise.difficulty,,inherited,
overtake,overtake,Game Center,leaderboard.bestipad001cruise.suffixSingular,,inherited,
overtakes,overtakes,Game Center,leaderboard.bestipad001cruise.suffixPlural,,inherited,
iPad High Score - Fast,iPad High Score - Fast,Game Center,leaderboard.bestipad001fast.displayName,≤ 30 characters,inherited,
Overtake as many cars as you can in one run.,Overtake as many cars as you can in one run.,Game Center,leaderboard.bestipad001fast.description,≤ 500 characters,inherited,
Fast,Fast,Game Center,leaderboard.bestipad001fast.difficulty,,inherited,
overtake,overtake,Game Center,leaderboard.bestipad001fast.suffixSingular,,inherited,
overtakes,overtakes,Game Center,leaderboard.bestipad001fast.suffixPlural,,inherited,
iPad High Score - Rapid,iPad High Score - Rapid,Game Center,leaderboard.bestipad001test.displayName,≤ 30 characters,inherited,
Overtake as many cars as you can in one run.,Overtake as many cars as you can in one run.,Game Center,leaderboard.bestipad001test.description,≤ 500 characters,inherited,
Rapid,Rapid,Game Center,leaderboard.bestipad001test.difficulty,,inherited,
overtake,overtake,Game Center,leaderboard.bestipad001test.suffixSingular,,inherited,
overtakes,overtakes,Game Center,leaderboard.bestipad001test.suffixPlural,,inherited,
Mac High Score - Cruise,Mac High Score - Cruise,Game Center,leaderboard.bestmacos001cruise.displayName,≤ 30 characters,inherited,
Overtake as many cars as you can in one run.,Overtake as many cars as you can in one run.,Game Center,leaderboard.bestmacos001cruise.description,≤ 500 characters,inherited,
Cruise,Cruise,Game Center,leaderboard.bestmacos001cruise.difficulty,,inherited,
overtake,overtake,Game Center,leaderboard.bestmacos001cruise.suffixSingular,,inherited,
overtakes,overtakes,Game Center,leaderboard.bestmacos001cruise.suffixPlural,,inherited,
Mac High Score - Fast,Mac High Score - Fast,Game Center,leaderboard.bestmacos001fast.displayName,≤ 30 characters,inherited,
Overtake as many cars as you can in one run.,Overtake as many cars as you can in one run.,Game Center,leaderboard.bestmacos001fast.description,≤ 500 characters,inherited,
Fast,Fast,Game Center,leaderboard.bestmacos001fast.difficulty,,inherited,
overtake,overtake,Game Center,leaderboard.bestmacos001fast.suffixSingular,,inherited,
overtakes,overtakes,Game Center,leaderboard.bestmacos001fast.suffixPlural,,inherited,
Mac High Score - Rapid,Mac High Score - Rapid,Game Center,leaderboard.bestmacos001test.displayName,≤ 30 characters,inherited,
Overtake as many cars as you can in one run.,Overtake as many cars as you can in one run.,Game Center,leaderboard.bestmacos001test.description,≤ 500 characters,inherited,
Rapid,Rapid,Game Center,leaderboard.bestmacos001test.difficulty,,inherited,
overtake,overtake,Game Center,leaderboard.bestmacos001test.suffixSingular,,inherited,
overtakes,overtakes,Game Center,leaderboard.bestmacos001test.suffixPlural,,inherited,
Watch High Score - Cruise,Watch High Score - Cruise,Game Center,leaderboard.bestwatchos001cruise.displayName,≤ 30 characters,inherited,
Overtake as many cars as you can in one run.,Overtake as many cars as you can in one run.,Game Center,leaderboard.bestwatchos001cruise.description,≤ 500 characters,inherited,
Cruise,Cruise,Game Center,leaderboard.bestwatchos001cruise.difficulty,,inherited,
overtake,overtake,Game Center,leaderboard.bestwatchos001cruise.suffixSingular,,inherited,
overtakes,overtakes,Game Center,leaderboard.bestwatchos001cruise.suffixPlural,,inherited,
Apple Watch High Score - Fast,Apple Watch High Score - Fast,Game Center,leaderboard.bestwatchos001fast.displayName,≤ 30 characters,inherited,
Overtake as many cars as you can in one run.,Overtake as many cars as you can in one run.,Game Center,leaderboard.bestwatchos001fast.description,≤ 500 characters,inherited,
Fast,Fast,Game Center,leaderboard.bestwatchos001fast.difficulty,,inherited,
overtake,overtake,Game Center,leaderboard.bestwatchos001fast.suffixSingular,,inherited,
overtakes,overtakes,Game Center,leaderboard.bestwatchos001fast.suffixPlural,,inherited,
Apple Watch High Score - Rapid,Apple Watch High Score - Rapid,Game Center,leaderboard.bestwatchos001test.displayName,≤ 30 characters,inherited,
Overtake as many cars as you can in one run.,Overtake as many cars as you can in one run.,Game Center,leaderboard.bestwatchos001test.description,≤ 500 characters,inherited,
Rapid,Rapid,Game Center,leaderboard.bestwatchos001test.difficulty,,inherited,
overtake,overtake,Game Center,leaderboard.bestwatchos001test.suffixSingular,,inherited,
overtakes,overtakes,Game Center,leaderboard.bestwatchos001test.suffixPlural,,inherited,
Race Through Endless Traffic,Race Through Endless Traffic,Screenshots,slide.0.title,,needs_review,
Dodge traffic and chase overtakes in a retro arcade racer.,Dodge traffic and chase overtakes in a retro arcade racer.,Screenshots,slide.0.body,,needs_review,
Simple Controls. Pure Arcade Action,Simple Controls. Pure Arcade Action,Screenshots,slide.1.title,,needs_review,
Move left. Move right. Don't crash. Deceptively simple.,Move left. Move right. Don't crash. Deceptively simple.,Screenshots,slide.1.body,,needs_review,
One Wrong Move. Game Over,One Wrong Move. Game Over,Screenshots,slide.2.title,,needs_review,
"One mistake ends your run. Restart fast, chase your high score!","One mistake ends your run. Restart fast, chase your high score!",Screenshots,slide.2.body,,needs_review,
Accessibility Front and Center,Accessibility Front and Center,Screenshots,slide.3.title,,needs_review,
"VoiceOver, audio cues, haptics, larger text, and adaptable gameplay settings.","VoiceOver, audio cues, haptics, larger text, and adaptable gameplay settings.",Screenshots,slide.3.body,,needs_review,
Race Friends with SharePlay,Race Friends with SharePlay,Screenshots,slide.4.title,,needs_review,
"Challenge friends for free. Countdown, compete, rematch.","Challenge friends for free. Countdown, compete, rematch.",Screenshots,slide.4.body,,needs_review,
Climb the Leaderboard,Climb the Leaderboard,Screenshots,slide.5.title,,needs_review,
Game Center scores and friend markers keep every run competitive.,Game Center scores and friend markers keep every run competitive.,Screenshots,slide.5.body,,needs_review,
Customize Your Experience,Customise Your Experience,Screenshots,slide.6.title,,needs_review,
"Tune volume, haptics, controls… Go Cruise, Fast, or Rapid!","Tune volume, haptics, controls… Go Cruise, Fast, or Rapid!",Screenshots,slide.6.body,,needs_review,
Choose Your Retro Aesthetic,Choose Your Retro Aesthetic,Screenshots,slide.7.title,,needs_review,
"Switch between four retro eras, from Pocket to 16-Bit.","Switch between four retro eras, from Pocket to 16-Bit.",Screenshots,slide.7.body,,needs_review,
Unlock Retro Achievements,Unlock Retro Achievements,Screenshots,slide.8.title,,needs_review,
Earn Game Center trophies as you race and improve.,Earn Game Center trophies as you race and improve.,Screenshots,slide.8.body,,needs_review,
Play Solo Or With Friends,Play Solo Or With Friends,Screenshots,slide.9.title,,needs_review,
"Daily free plays, leaderboards, and live friend races.","Daily free plays, leaderboards, and live friend races.",Screenshots,slide.9.body,,needs_review,
"Discover two new visual styles: bold 8-Bit and richly detailed 16-Bit. The new Style Gallery makes it easy to preview every theme before choosing your favorite.

SharePlay friend races now work on Mac too, alongside iPhone and iPad.

This update also improves performance, refines landscape layouts, polishes menus and game-over screens, and makes cars and helmets clearer across themes.

RetroRapid! is now fully localized in Turkish and Polish.

Thanks for racing with us.

Testing focus:
- Preview every theme in the Style Gallery and check that cars and helmets stay clear
- Start a SharePlay race with a friend on iPhone, iPad, or Mac
- Compare performance before and after longer runs
- Try landscape layouts, menus, and the game-over flow
- Complete a run with VoiceOver and confirm every announcement is clear","Discover two new visual styles: bold 8-Bit and richly detailed 16-Bit. The new Style Gallery makes it easy to preview every theme before choosing your favorite.

SharePlay friend races now work on Mac too, alongside iPhone and iPad.

This update also improves performance, refines landscape layouts, polishes menus and game-over screens, and makes cars and helmets clearer across themes.

RetroRapid! is now fully localized in Turkish and Polish.

Thanks for racing with us.

Testing focus:
- Preview every theme in the Style Gallery and check that cars and helmets stay clear
- Start a SharePlay race with a friend on iPhone, iPad, or Mac
- Compare performance before and after longer runs
- Try landscape layouts, menus, and the game-over flow
- Complete a run with VoiceOver and confirm every announcement is clear",TestFlight,whats-new,"≤ 4,000 characters",needs_review,
